Gender,Married,Dependents,Education,Self_Employed,ApplicantIncome,CoapplicantIncome,LoanAmount,Loan_Amount_Term,Credit_History,Loan_Status,Rural,Semiurban,Urban
1,0,0,0,0,0.2777696544329093,0.0,0.36515506057285035,360.0,1.0,1,0.0,0.0,1.0
1,1,1,0,0,0.2160647268119121,0.16792873051224944,0.3207547169811321,360.0,1.0,0,1.0,0.0,0.0
1,1,0,0,1,0.1389091972510601,0.0,0.15363881401617252,360.0,1.0,1,0.0,0.0,1.0
1,1,0,1,0,0.11858458839011553,0.2625835189309577,0.29919137466307283,360.0,1.0,1,0.0,0.0,1.0
1,0,0,0,0,0.28512940488375493,0.0,0.3557951482479785,360.0,1.0,1,0.0,0.0,1.0
1,1,2,0,1,0.25671394453380125,0.467260579064588,0.6954177897574124,360.0,1.0,1,0.0,0.0,1.0
1,1,0,1,0,0.10639957108739094,0.1688195991091314,0.23180592991913748,360.0,1.0,1,0.0,0.0,1.0
1,1,3,0,0,0.14066383974265245,0.2788418708240535,0.4016172506738545,360.0,0.0,0,0.0,1.0,0.0
1,1,2,0,0,0.18794170687722378,0.16993318485523387,0.4285714285714286,360.0,1.0,1,0.0,0.0,1.0
1,1,2,0,0,0.14865721109323976,0.0779510022271715,0.16442048517520216,360.0,1.0,1,0.0,0.0,1.0
1,1,2,0,0,0.14246722230345568,0.9026726057906459,0.5148247978436659,360.0,1.0,1,0.0,0.0,1.0
1,0,0,0,0,0.08300433786615977,0.31625835189309576,0.28301886792452835,360.0,1.0,0,1.0,0.0,0.0
1,0,0,0,0,0.23395233221231176,0.0,0.3126684636118599,360.0,1.0,1,0.0,0.0,1.0
1,0,1,1,0,0.16795827850075548,0.0,0.24528301886792456,240.0,1.0,1,0.0,0.0,1.0
0,0,0,0,0,0.16376663254861823,0.0,0.18059299191374664,360.0,0.0,0,0.0,0.0,1.0
1,1,0,1,0,0.23088170785202516,0.0,0.3342318059299192,360.0,1.0,0,1.0,0.0,0.0
1,1,0,1,0,0.3660379197738461,0.0,0.2560646900269542,360.0,0.0,0,0.0,0.0,1.0
1,1,1,0,0,0.28293610176926454,0.626391982182628,0.8247978436657682,360.0,1.0,1,0.0,0.0,1.0
1,1,0,1,0,0.1194131695667008,0.21280623608017818,0.28840970350404316,360.0,0.0,0,0.0,1.0,0.0
1,1,0,0,1,0.4586440512745528,0.0,0.49056603773584906,360.0,1.0,1,0.0,1.0,0.0
1,1,0,0,0,0.12911244333966956,0.250890868596882,0.30458221024258764,360.0,1.0,1,0.0,1.0,0.0
1,1,2,1,0,0.1986645221036214,0.11581291759465479,0.2722371967654987,360.0,1.0,1,0.0,0.0,1.0
1,0,0,1,0,0.06297216942048058,0.0,0.07008086253369272,360.0,1.0,0,0.0,0.0,1.0
1,0,0,0,0,0.14704878880928013,0.0,0.1752021563342318,360.0,1.0,0,0.0,0.0,1.0
1,0,1,0,1,0.2213773943559,0.0,0.26145552560646906,360.0,1.0,0,1.0,0.0,0.0
1,1,0,0,0,0.16327923185650925,0.1856347438752784,0.28301886792452835,360.0,1.0,1,0.0,1.0,0.0
1,0,3,0,0,0.6019398547545938,0.33407572383073497,0.8382749326145553,360.0,1.0,0,1.0,0.0,0.0
1,1,0,0,0,0.10357264707315884,0.2301781737193764,0.36515506057285035,360.0,1.0,1,0.0,0.0,1.0
1,1,0,0,0,0.08178583613588732,0.14810690423162584,0.24528301886792456,360.0,0.0,0,0.0,0.0,1.0
0,1,0,0,0,0.17141882341472928,0.16247216035634746,0.3638814016172507,360.0,1.0,1,0.0,1.0,0.0
1,0,0,0,0,0.19574011795096752,0.8028953229398664,0.47169811320754723,360.0,1.0,1,0.0,0.0,1.0
1,0,0,1,0,0.17536676902081202,0.18574610244988865,0.2722371967654987,360.0,1.0,1,0.0,1.0,0.0
1,0,0,0,0,0.16815323877759908,0.0,0.19137466307277629,360.0,1.0,0,0.0,0.0,1.0
1,0,0,0,0,0.08042111419798216,0.13507795100222716,0.10242587601078168,360.0,1.0,1,0.0,0.0,1.0
1,1,0,0,0,0.10966515572452112,0.0,0.1778975741239892,360.0,1.0,1,0.0,0.0,1.0
1,1,0,0,0,0.1847736023785154,0.2601336302895323,0.3369272237196766,360.0,1.0,1,0.0,1.0,0.0
1,1,0,1,1,0.2215236145635327,0.0,0.23450134770889489,360.0,1.0,1,0.0,0.0,1.0
0,0,0,0,0,0.1588926256275284,0.0,0.2129380053908356,360.0,1.0,1,0.0,0.0,1.0
1,1,1,0,0,0.26802164059072964,0.0,0.09433962264150944,360.0,1.0,1,0.0,0.0,1.0
1,1,0,0,0,0.27640493249500414,0.0,0.3638814016172507,360.0,1.0,1,0.0,0.0,1.0
0,1,0,0,0,0.12160647268119122,0.3830734966592428,0.29919137466307283,360.0,0.0,0,0.0,0.0,1.0
0,0,0,0,0,0.1876492664619584,0.25334075723830735,0.3638814016172507,360.0,1.0,1,0.0,1.0,0.0
0,1,0,1,0,0.08665984305697715,0.18307349665924277,0.24528301886792456,360.0,1.0,1,0.0,1.0,0.0
0,0,0,0,0,0.14310084320319735,0.0,0.29919137466307283,360.0,1.0,1,0.0,1.0,0.0
0,0,0,0,0,0.198859482380465,0.0,0.27762803234501354,360.0,1.0,0,0.0,1.0,0.0
1,1,2,0,0,0.21767314909587174,0.0,0.3369272237196766,360.0,1.0,0,0.0,0.0,1.0
0,1,1,0,1,0.5531997855436955,0.0,0.7466307277628033,360.0,0.0,0,0.0,0.0,1.0
1,1,2,0,0,0.1246770970414778,0.12995545657015592,0.2371967654986523,360.0,1.0,1,0.0,1.0,0.0
1,1,0,0,0,0.09660281717600039,0.17717149220489978,0.23450134770889489,360.0,1.0,1,0.0,1.0,0.0
1,1,0,0,0,0.15674806258224888,0.24498886414253898,0.339622641509434,360.0,1.0,0,1.0,0.0,0.0
1,1,1,0,0,0.38650874884242337,0.2505567928730512,0.46091644204851756,360.0,1.0,1,0.0,0.0,1.0
1,1,2,1,0,0.1563094019593508,0.3183741648106904,0.3638814016172507,360.0,1.0,1,0.0,0.0,1.0
1,1,0,0,0,0.11453916264561095,0.42271714922049,0.29919137466307283,360.0,1.0,1,0.0,0.0,1.0
1,1,3,0,0,0.14032265925817616,0.0,0.2425876010781671,360.0,1.0,1,0.0,0.0,1.0
1,1,0,1,1,0.11985183018959887,0.38407572383073496,0.4204851752021564,180.0,0.0,0,1.0,0.0,0.0
1,1,1,0,0,0.23370863186625726,0.0,0.36515506057285035,360.0,0.0,0,1.0,0.0,0.0
0,0,0,0,0,0.19574011795096752,0.0,0.28840970350404316,360.0,0.0,0,0.0,1.0,0.0
1,1,0,0,0,0.2717746259199688,0.5116926503340757,0.6711590296495957,360.0,1.0,0,0.0,1.0,0.0
1,0,0,1,0,0.14865721109323976,0.25100222717149223,0.3153638814016173,180.0,0.0,0,0.0,0.0,1.0
1,1,1,0,0,0.5166447336355218,0.0,0.816711590296496,360.0,1.0,1,0.0,0.0,1.0
0,0,0,0,0,0.20227128722522789,0.0,0.3423180592991914,360.0,0.0,0,0.0,1.0,0.0
1,1,0,0,0,0.14904713164692696,0.34142538975501113,0.4393530997304583,360.0,1.0,1,0.0,0.0,1.0
1,1,2,1,1,0.08407661938879954,0.20879732739420936,0.2371967654986523,360.0,1.0,1,0.0,1.0,0.0
1,0,0,0,0,0.16327923185650925,0.0,0.1940700808625337,300.0,1.0,1,0.0,1.0,0.0
1,1,3,1,0,0.2244480187161866,0.0,0.23180592991913748,360.0,0.0,0,0.0,1.0,0.0
1,1,3,0,1,0.24935419408295562,0.19755011135857461,0.47978436657681944,360.0,1.0,1,0.0,1.0,0.0
1,0,0,0,0,0.17546424915923384,0.0,0.28032345013477095,480.0,1.0,0,0.0,0.0,1.0
1,0,0,0,0,0.17546424915923384,0.5289532293986637,0.45013477088948795,360.0,1.0,0,0.0,0.0,1.0
1,1,1,0,1,0.04142905882926354,0.33652561247216034,0.2722371967654987,360.0,1.0,0,0.0,0.0,1.0
1,1,3,0,0,0.14704878880928013,0.44543429844098,0.46091644204851756,300.0,0.0,0,0.0,1.0,0.0
1,1,3,1,1,0.15513964029828925,0.24120267260579065,0.3261455525606469,360.0,1.0,1,0.0,1.0,0.0
0,0,0,0,0,0.18014329580348007,0.0,0.2749326145552561,360.0,1.0,1,0.0,1.0,0.0
1,1,1,0,1,0.10942145537846663,0.0,0.36515506057285035,360.0,1.0,1,0.0,1.0,0.0
0,1,2,0,0,0.05985280499098308,0.20946547884187083,0.4258760107816712,360.0,1.0,0,0.0,0.0,1.0
1,1,0,0,0,0.28512940488375493,0.2505567928730512,0.6900269541778976,360.0,1.0,0,0.0,1.0,0.0
1,1,1,0,0,0.1870643856314276,0.0,0.11051212938005392,240.0,1.0,1,0.0,0.0,1.0
1,0,0,0,0,0.10800799337135059,0.28184855233853007,0.3423180592991914,360.0,1.0,1,0.0,1.0,0.0
1,1,2,1,0,0.15513964029828925,0.22271714922049,0.2425876010781671,360.0,1.0,1,0.0,1.0,0.0
1,1,0,0,0,0.11453916264561095,0.2358574610244989,0.2560646900269542,360.0,1.0,1,0.0,1.0,0.0
1,0,0,0,0,0.41019642247891996,0.0,0.5417789757412399,360.0,1.0,1,0.0,0.0,1.0
1,1,0,0,0,0.270263683774431,0.46403118040089086,0.4474393530997305,360.0,1.0,1,0.0,1.0,0.0
1,1,0,0,0,0.1368621143442024,0.3229398663697105,0.3288409703504043,360.0,1.0,1,0.0,1.0,0.0
1,1,2,0,0,0.2973144221864795,0.6296213808463252,0.4824797843665769,180.0,1.0,1,0.0,1.0,0.0
1,1,2,1,0,0.15221523614563534,0.2026726057906459,0.1940700808625337,360.0,1.0,1,0.0,0.0,1.0
1,0,0,0,0,0.19413169566700786,0.0,0.30458221024258764,360.0,1.0,1,0.0,1.0,0.0
0,1,0,0,0,0.11375932153823659,0.256347438752784,0.3450134770889488,360.0,1.0,1,0.0,1.0,0.0
1,1,0,0,0,0.08904810644831115,0.11102449888641426,0.11051212938005392,360.0,1.0,1,0.0,1.0,0.0
1,1,0,1,0,0.19681239947360726,0.0,0.28571428571428575,180.0,1.0,1,0.0,1.0,0.0
1,1,0,0,0,0.07842277136033533,0.3943207126948775,0.3288409703504043,360.0,1.0,1,0.0,1.0,0.0
1,1,2,1,0,0.2016864063946971,0.3633630289532294,0.3342318059299192,180.0,1.0,1,0.0,0.0,1.0
1,0,0,0,0,0.22873714480674565,0.42383073496659246,0.3827493261455526,360.0,1.0,1,0.0,1.0,0.0
1,1,0,0,0,0.6579909343471269,0.0,0.36515506057285035,360.0,1.0,1,0.0,0.0,1.0
1,1,0,0,0,0.21942779158746406,0.3989977728285078,0.36515506057285035,360.0,1.0,1,0.0,1.0,0.0
1,1,1,0,0,0.14144368085002682,0.11469933184855234,0.24528301886792456,360.0,1.0,1,0.0,0.0,1.0
1,1,2,0,0,0.5491543597991909,0.12538975501113586,0.5822102425876011,360.0,1.0,1,0.0,0.0,1.0
1,1,2,0,0,0.17790125261977874,0.40089086859688194,0.5579514824797844,360.0,0.0,0,0.0,0.0,1.0
1,1,3,1,0,0.0936296729541356,0.08396436525612472,0.22911051212938008,480.0,1.0,1,0.0,1.0,0.0
1,0,0,0,0,0.25179119754350054,0.0,0.3423180592991914,360.0,1.0,1,0.0,0.0,1.0
1,1,0,1,0,0.16678851683969392,0.4581291759465479,0.38544474393531003,360.0,0.0,0,1.0,0.0,0.0
0,0,1,0,1,0.3558512453087684,0.0,0.36515506057285035,360.0,1.0,1,0.0,1.0,0.0
1,1,1,0,0,0.7034654189208949,0.0,0.47439353099730464,180.0,1.0,1,1.0,0.0,0.0
0,1,0,0,0,0.14704878880928013,0.2542316258351893,0.39083557951482484,360.0,1.0,1,0.0,1.0,0.0
1,1,1,0,0,0.10059950285129406,0.1556792873051225,0.20485175202156336,360.0,1.0,1,0.0,0.0,1.0
1,1,0,0,0,0.2640736949846469,0.23853006681514477,0.4474393530997305,360.0,1.0,0,1.0,0.0,0.0
0,0,0,0,0,0.4999756299653946,0.0,0.6738544474393532,360.0,1.0,1,0.0,0.0,1.0
1,1,0,0,0,0.26889896183652584,0.2969933184855234,0.46091644204851756,360.0,1.0,1,1.0,0.0,0.0
0,0,0,0,0,0.19574011795096752,0.0,0.09433962264150944,360.0,1.0,1,0.0,1.0,0.0
0,0,0,0,0,0.09684651752205488,1.0,0.3450134770889488,360.0,0.0,1,0.0,1.0,0.0
1,1,2,0,0,0.1368133742749915,0.0,0.1940700808625337,360.0,1.0,1,0.0,1.0,0.0
1,1,0,1,0,0.20227128722522789,0.2242761692650334,0.4986522911051213,360.0,1.0,1,1.0,0.0,0.0
0,0,0,0,0,0.1726373251450017,0.0,0.22641509433962267,360.0,1.0,1,1.0,0.0,0.0
1,0,0,0,0,0.18106935711848712,0.18262806236080179,0.36515506057285035,360.0,1.0,1,1.0,0.0,0.0
1,1,1,0,1,0.5050933372325389,0.4287305122494432,0.4070080862533693,180.0,0.0,0,0.0,0.0,1.0
1,1,0,0,0,0.28902861042062683,0.2860801781737194,0.46630727762803237,360.0,1.0,0,1.0,0.0,0.0
1,0,0,0,0,0.0908514890091144,0.2148106904231626,0.1752021563342318,360.0,1.0,1,0.0,0.0,1.0
1,0,0,0,0,0.1251644977335868,0.0,0.16442048517520216,360.0,1.0,1,0.0,1.0,0.0
1,0,0,0,0,0.23127162840571236,0.0,0.2506738544474394,360.0,1.0,1,0.0,1.0,0.0
1,1,3,0,0,0.1876492664619584,0.8630289532293987,0.757412398921833,360.0,1.0,0,0.0,1.0,0.0
0,1,0,0,0,0.2160647268119121,0.0,0.20215633423180593,360.0,1.0,0,1.0,0.0,0.0
1,1,2,0,1,0.15431105912170398,0.3897550111358575,0.2129380053908356,360.0,1.0,1,0.0,0.0,1.0
1,0,0,0,0,0.7237412877126286,0.0,0.6280323450134772,360.0,0.0,0,0.0,1.0,0.0
1,1,2,1,0,0.19739728030413806,0.15924276169265034,0.3234501347708895,360.0,1.0,0,1.0,0.0,0.0
1,1,2,0,0,0.2384364185797144,0.2319599109131403,0.47439353099730464,360.0,1.0,0,1.0,0.0,0.0
1,0,0,0,0,0.25671394453380125,0.0,0.4285714285714286,360.0,1.0,1,0.0,0.0,1.0
1,0,0,0,1,0.3314324706341083,0.0,0.4474393530997305,180.0,1.0,1,0.0,1.0,0.0
1,1,0,0,0,0.12418969634936881,0.22650334075723833,0.30458221024258764,360.0,1.0,1,0.0,1.0,0.0
1,1,2,0,0,0.5657259833308964,0.0,0.47978436657681944,180.0,1.0,1,0.0,0.0,1.0
0,1,0,0,0,0.10625335087975825,0.49955456570155904,0.24528301886792456,360.0,1.0,1,0.0,1.0,0.0
0,1,2,0,0,0.7172588585075791,0.0,0.16442048517520216,360.0,1.0,1,0.0,0.0,1.0
1,1,1,0,0,0.06765121606472681,0.15868596881959912,0.05660377358490567,360.0,1.0,1,0.0,0.0,1.0
0,0,0,0,0,0.48008968172734806,0.18552338530066817,0.5822102425876011,360.0,1.0,0,1.0,0.0,0.0
1,1,0,0,0,0.22956572598333091,0.09242761692650335,0.3126684636118599,360.0,1.0,1,0.0,1.0,0.0
1,0,0,0,0,0.29863040405517377,0.0,0.29380053908355797,360.0,0.0,0,1.0,0.0,0.0
1,1,0,0,1,0.11829214797485012,0.41759465478841873,0.38544474393531003,360.0,1.0,1,1.0,0.0,0.0
1,0,0,0,0,0.43944046400545894,0.0,0.633423180592992,360.0,1.0,0,0.0,0.0,1.0
1,1,2,1,0,0.10386508748842424,0.0,0.28032345013477095,360.0,1.0,0,1.0,0.0,0.0
1,0,0,0,0,0.1512891748306283,0.0,0.11051212938005392,360.0,1.0,1,0.0,0.0,1.0
1,1,1,0,0,0.28512940488375493,0.0,0.4070080862533693,360.0,1.0,1,1.0,0.0,0.0
1,1,1,0,0,0.45757176975191305,0.0,0.47978436657681944,360.0,1.0,1,0.0,0.0,1.0
1,1,0,0,0,0.2160647268119121,0.626391982182628,0.6630727762803235,360.0,1.0,1,0.0,1.0,0.0
1,1,0,1,0,0.08349173855826875,0.11592427616926504,0.2398921832884097,360.0,1.0,1,0.0,1.0,0.0
1,1,0,0,0,0.37934395866842135,0.0,0.7169811320754718,360.0,1.0,0,0.0,0.0,1.0
1,1,1,0,0,0.14324706341083007,0.14253897550111358,0.30188679245283023,360.0,0.0,0,0.0,1.0,0.0
1,1,2,0,0,0.1957888580201784,0.1611358574610245,0.4016172506738545,360.0,1.0,1,1.0,0.0,0.0
1,1,0,0,0,0.44709265487156996,0.0,0.1778975741239892,180.0,1.0,1,0.0,0.0,1.0
1,1,0,0,0,0.1733684261831652,0.35256124721603566,0.46630727762803237,360.0,1.0,1,1.0,0.0,0.0
0,1,0,0,0,0.2160647268119121,0.0,0.27762803234501354,360.0,1.0,0,1.0,0.0,0.0
1,1,0,0,0,0.11156601842374617,0.37115812917594654,0.3234501347708895,360.0,1.0,1,1.0,0.0,0.0
1,0,0,0,0,0.10172052444314471,0.0,0.14555256064690028,480.0,0.0,0,0.0,1.0,0.0
1,1,2,0,0,0.3826095433055515,0.0,0.5148247978436659,360.0,1.0,1,0.0,1.0,0.0
1,1,3,1,0,0.16435151337914902,0.0,0.1940700808625337,180.0,1.0,0,1.0,0.0,0.0
1,1,0,0,0,0.27089730467417267,0.626391982182628,0.47978436657681944,360.0,1.0,1,0.0,1.0,0.0
1,1,0,1,1,0.2044158502705074,0.08195991091314031,0.21024258760107817,360.0,1.0,0,0.0,1.0,0.0
1,1,0,0,0,0.16313301164887656,0.21870824053452118,0.28840970350404316,360.0,1.0,1,1.0,0.0,0.0
1,1,2,0,0,0.09236243115465224,0.18028953229398664,0.24797843665768196,360.0,1.0,1,1.0,0.0,0.0
1,1,1,0,0,0.17546424915923384,0.0,0.28840970350404316,360.0,1.0,1,0.0,1.0,0.0
1,0,0,1,0,0.10639957108739094,0.16158129175946548,0.2506738544474394,480.0,0.0,0,0.0,0.0,1.0
1,1,1,0,0,0.30462543256811425,0.8073496659242761,0.46091644204851756,360.0,0.0,0,0.0,0.0,1.0
1,0,0,0,0,0.08607496222644637,0.5638084632516704,0.15633423180592992,360.0,1.0,0,1.0,0.0,0.0
1,1,0,0,0,0.21689330798849737,0.0,0.1725067385444744,180.0,1.0,1,0.0,1.0,0.0
0,1,0,0,0,0.16937174050787154,0.0,0.26684636118598387,360.0,1.0,1,0.0,1.0,0.0
1,1,1,0,1,0.0988448603597017,0.0,0.15363881401617252,300.0,0.0,0,1.0,0.0,0.0
1,1,0,0,0,0.10883657454793585,0.23808463251670378,0.1320754716981132,360.0,1.0,1,1.0,0.0,0.0
1,1,0,0,0,0.44733635521762444,0.0,0.4824797843665769,180.0,1.0,1,1.0,0.0,0.0
1,0,0,1,0,0.23078422771360338,0.0,0.10512129380053908,360.0,1.0,1,1.0,0.0,0.0
1,0,0,0,0,0.5775698201491446,0.0,0.417789757412399,360.0,1.0,0,0.0,1.0,0.0
1,1,0,1,0,0.2867378271677146,0.0,0.4070080862533693,360.0,1.0,0,0.0,0.0,1.0
1,0,0,0,0,0.18072817663401083,0.0,0.18059299191374664,360.0,1.0,1,0.0,1.0,0.0
1,0,0,0,0,0.19695861968123995,0.0,0.29919137466307283,360.0,1.0,1,1.0,0.0,0.0
1,1,1,0,0,0.1450017059024224,0.28763919821826284,0.43396226415094347,360.0,1.0,0,0.0,1.0,0.0
1,0,0,0,0,0.3988399863527807,0.41759465478841873,0.47978436657681944,360.0,1.0,1,1.0,0.0,0.0
0,0,0,1,0,0.08563630160354828,0.2633630289532294,0.29919137466307283,360.0,1.0,1,0.0,0.0,1.0
0,1,0,0,0,0.1591850660427938,0.3135857461024499,0.28032345013477095,360.0,1.0,1,0.0,1.0,0.0
1,0,0,0,1,0.5288297509382464,0.0,0.19946091644204852,360.0,1.0,0,0.0,0.0,1.0
1,1,1,1,0,0.1194131695667008,0.27839643652561247,0.2183288409703504,360.0,1.0,1,0.0,1.0,0.0
1,0,2,0,0,0.23263635034361752,0.0,0.4231805929919138,360.0,0.0,1,0.0,1.0,0.0
1,1,3,1,0,0.1872593459082712,0.0,0.36515506057285035,180.0,1.0,0,0.0,0.0,1.0
1,1,1,1,0,0.16327923185650925,0.12060133630289532,0.339622641509434,360.0,1.0,1,0.0,0.0,1.0
1,1,2,1,0,0.18360384071745384,0.0,0.30997304582210244,360.0,1.0,1,0.0,1.0,0.0
0,0,0,1,0,0.20753521470000488,0.0,0.29919137466307283,360.0,1.0,1,0.0,1.0,0.0
0,0,0,0,0,0.1508017741385193,0.0,0.19137466307277629,360.0,1.0,1,0.0,0.0,1.0
1,0,0,1,0,0.18643076473168593,0.28184855233853007,0.12398921832884097,360.0,1.0,1,1.0,0.0,0.0
1,0,0,0,0,0.1135156211921821,0.0,0.1347708894878706,360.0,1.0,1,0.0,0.0,1.0
1,0,0,0,0,0.1592825461812156,0.0,0.3180592991913747,360.0,1.0,0,0.0,1.0,0.0
0,0,0,0,0,0.48008968172734806,0.0,0.5525606469002696,360.0,1.0,0,0.0,1.0,0.0
1,1,3,0,0,0.15986742701174636,0.13919821826280623,0.3207547169811321,360.0,0.0,0,0.0,1.0,0.0
1,1,1,0,1,0.3722279085636302,0.0,0.6226415094339623,360.0,1.0,1,0.0,0.0,1.0
1,1,3,1,1,0.2706536043281182,0.0,0.3261455525606469,360.0,1.0,1,1.0,0.0,0.0
1,1,0,0,0,0.1473412292245455,0.33641425389755014,0.3450134770889488,360.0,1.0,1,0.0,0.0,1.0
1,1,3,1,0,0.18033825608032364,0.10946547884187083,0.24528301886792456,360.0,1.0,1,0.0,1.0,0.0
1,1,0,0,0,0.0,0.20044543429844097,0.339622641509434,360.0,1.0,0,1.0,0.0,0.0
1,1,0,0,0,0.17434322756738316,0.19766146993318487,0.3288409703504043,360.0,1.0,1,0.0,1.0,0.0
0,1,2,0,0,0.20144270604864262,0.2653674832962138,0.3180592991913747,360.0,1.0,1,0.0,1.0,0.0
1,1,0,0,0,0.10094068333577033,0.0,0.13746630727762804,360.0,0.0,0,0.0,0.0,1.0
1,1,2,0,0,0.18808792708485647,0.19120267260579066,0.28840970350404316,360.0,1.0,1,0.0,1.0,0.0
1,0,0,0,0,0.13749573524394407,0.31080178173719375,0.3638814016172507,360.0,1.0,1,0.0,1.0,0.0
1,1,0,0,0,0.36204123409855243,0.11247216035634744,0.4474393530997305,360.0,1.0,1,0.0,1.0,0.0
1,1,0,0,0,0.2973144221864795,0.0,0.3207547169811321,360.0,1.0,1,0.0,1.0,0.0
1,1,0,0,0,0.1510942145537847,0.0,0.43396226415094347,360.0,1.0,0,1.0,0.0,0.0
1,1,0,1,1,0.22347321733196862,0.0,0.34770889487870626,360.0,1.0,0,0.0,0.0,1.0
1,1,2,0,0,0.2973144221864795,0.18875278396436526,0.5417789757412399,360.0,1.0,1,0.0,1.0,0.0
1,0,0,0,1,0.30462543256811425,0.0,0.5148247978436659,360.0,1.0,1,1.0,0.0,0.0
1,1,1,0,0,0.11410050202271288,0.2287305122494432,0.2560646900269542,360.0,1.0,1,0.0,1.0,0.0
1,0,0,1,0,0.1481210703319199,0.2893095768374165,0.29919137466307283,360.0,1.0,1,1.0,0.0,0.0
0,0,0,0,0,0.3988399863527807,0.0,0.7304582210242588,360.0,1.0,1,0.0,1.0,0.0
1,1,1,0,0,0.14646390797874934,0.19810690423162583,0.3530997304582211,360.0,1.0,1,0.0,1.0,0.0
1,1,1,0,0,0.2607593702783058,0.1403118040089087,0.43396226415094347,360.0,1.0,1,1.0,0.0,0.0
0,0,0,0,1,0.16147584929570602,0.0,0.30458221024258764,360.0,1.0,1,0.0,0.0,1.0
0,0,1,0,0,0.17848613345030953,0.0,0.27762803234501354,360.0,1.0,1,1.0,0.0,0.0
1,1,1,0,0,0.15426231905249307,0.0,0.23450134770889489,360.0,1.0,1,0.0,1.0,0.0
1,1,2,0,0,0.2763074523565824,0.5567928730512249,0.29919137466307283,360.0,1.0,1,1.0,0.0,0.0
1,1,1,1,0,0.11502656333771995,0.2208240534521158,0.3530997304582211,180.0,1.0,0,0.0,0.0,1.0
1,1,2,0,1,0.2973144221864795,0.1447661469933185,0.26684636118598387,360.0,1.0,1,1.0,0.0,0.0
1,1,0,1,0,0.1586976653506848,0.4918708240534521,0.30727762803234504,360.0,1.0,1,0.0,1.0,0.0
1,0,0,0,1,0.28756640834429986,0.48251670378619155,0.29919137466307283,180.0,1.0,0,0.0,0.0,1.0
1,1,2,0,0,0.4656138811717113,0.0,0.27762803234501354,360.0,1.0,1,0.0,0.0,1.0
1,1,1,1,0,0.3147633669639811,0.0,0.3450134770889488,180.0,1.0,1,0.0,0.0,1.0
1,1,1,0,0,0.13315786908417412,0.2052338530066815,0.30727762803234504,480.0,1.0,1,0.0,1.0,0.0
1,1,0,0,0,0.08085977482088025,0.20801781737193764,0.2183288409703504,360.0,1.0,1,0.0,0.0,1.0
1,1,0,1,0,0.07398742506214359,0.43318485523385303,0.5175202156334232,360.0,0.0,0,0.0,1.0,0.0
0,0,2,0,0,0.15972120680411367,0.0,0.34770889487870626,360.0,1.0,0,0.0,0.0,1.0
1,0,0,1,1,0.11858458839011553,0.2413140311804009,0.2560646900269542,360.0,1.0,1,1.0,0.0,0.0
1,1,1,1,0,0.12238631378856558,0.7907572383073497,0.7277628032345014,180.0,1.0,1,0.0,1.0,0.0
1,0,0,0,1,0.7847151142954624,0.0,0.4932614555256065,360.0,0.0,0,0.0,0.0,1.0
0,0,3,0,0,0.14295462299556466,0.0,0.6630727762803235,360.0,1.0,1,1.0,0.0,0.0
1,0,0,1,0,0.2873227079982454,0.0,0.28571428571428575,360.0,0.0,0,1.0,0.0,0.0
1,1,3,0,0,0.24857435297558123,0.0,0.22911051212938008,360.0,1.0,0,0.0,0.0,1.0
1,1,0,0,0,0.7083394258419847,0.23385300668151449,0.7951482479784368,360.0,1.0,0,1.0,0.0,0.0
1,1,3,1,0,0.23302627089730468,0.0,0.3207547169811321,360.0,1.0,0,0.0,1.0,0.0
1,1,1,0,0,0.2891748306282595,0.47327394209354123,0.8652291105121295,360.0,1.0,1,0.0,0.0,1.0
1,0,0,0,0,0.09309353219281571,0.24599109131403119,0.3369272237196766,360.0,1.0,1,0.0,1.0,0.0
0,0,0,0,0,0.3436174879368329,0.0,0.29919137466307283,360.0,1.0,1,1.0,0.0,0.0
1,0,0,0,1,0.24448018716186581,0.0,0.3207547169811321,360.0,1.0,1,0.0,1.0,0.0
1,0,0,0,0,0.19227957303699372,0.3838530066815145,0.3827493261455526,360.0,1.0,1,1.0,0.0,0.0
1,1,2,0,0,0.22215723546327437,0.1544543429844098,0.38005390835579517,360.0,1.0,1,0.0,1.0,0.0
1,1,3,0,0,0.20387970950918752,0.20167037861915368,0.4070080862533693,360.0,0.0,1,0.0,0.0,1.0
0,0,1,0,0,0.1328654286689087,0.17371937639198218,0.2183288409703504,360.0,1.0,1,0.0,0.0,1.0
0,0,0,0,0,0.15046059365404302,0.0,0.05660377358490567,360.0,1.0,1,0.0,0.0,1.0
1,1,0,0,0,0.5359458010430375,0.0,0.3423180592991914,360.0,1.0,1,0.0,0.0,1.0
1,0,0,0,0,0.1307696056928401,0.20679287305122496,0.3153638814016173,360.0,1.0,1,1.0,0.0,0.0
1,1,0,0,0,0.12038797095091876,0.2475501113585746,0.38005390835579517,360.0,1.0,1,0.0,1.0,0.0
1,1,2,0,0,0.18277525954086857,0.0,0.2183288409703504,360.0,1.0,1,0.0,1.0,0.0
1,1,1,0,0,0.12672417994833554,0.20512249443207128,0.28571428571428575,360.0,1.0,1,0.0,1.0,0.0
1,1,0,0,0,0.1873080859774821,0.3645879732739421,0.5336927223719677,360.0,1.0,1,0.0,1.0,0.0
1,1,0,0,0,0.14392942437978262,0.1447661469933185,0.19137466307277629,360.0,1.0,1,0.0,0.0,1.0
0,1,0,1,0,0.19252327338304823,0.0,0.30997304582210244,360.0,1.0,1,1.0,0.0,0.0
1,0,1,1,1,0.190232490130136,0.27015590200445433,0.4016172506738545,360.0,0.0,0,0.0,0.0,1.0
1,1,0,0,0,0.18409124140956282,0.08908685968819599,0.27762803234501354,360.0,1.0,1,0.0,1.0,0.0
1,1,2,0,0,0.1048398888726422,0.1097772814922049,0.18598382749326145,180.0,1.0,1,0.0,0.0,1.0
0,0,0,0,0,0.08095725495930205,0.18552338530066817,0.12129380053908356,360.0,1.0,1,0.0,0.0,1.0
1,1,0,0,0,1.0,0.0,0.36515506057285035,360.0,1.0,0,1.0,0.0,0.0
1,0,0,0,0,0.14661012818638205,0.33997772828507794,0.215633423180593,360.0,1.0,1,1.0,0.0,0.0
0,0,0,0,1,0.1194131695667008,0.19120267260579066,0.2425876010781671,300.0,1.0,0,0.0,1.0,0.0
1,1,0,0,0,0.1732222059755325,0.22271714922049,0.29919137466307283,360.0,1.0,1,1.0,0.0,0.0
0,0,0,0,0,0.19369303504410978,0.0,0.28571428571428575,360.0,1.0,1,0.0,1.0,0.0
1,0,0,0,0,0.45610956767558614,0.0,0.47978436657681944,360.0,1.0,1,1.0,0.0,0.0
1,1,0,0,0,0.1425647024418775,0.2690423162583519,0.35040431266846367,360.0,1.0,1,1.0,0.0,0.0
1,1,2,0,0,0.20714529414631772,0.0,0.3180592991913747,360.0,0.0,0,0.0,1.0,0.0
1,1,2,0,0,0.14636642784032755,0.17371937639198218,0.3369272237196766,360.0,1.0,1,0.0,0.0,1.0
0,0,0,0,0,0.25671394453380125,0.0,0.3611859838274933,480.0,0.0,0,0.0,0.0,1.0
1,1,0,0,0,0.10883657454793585,0.3712694877505568,0.4393530997304583,360.0,1.0,1,0.0,1.0,0.0
1,1,1,0,0,0.32777696544329094,0.0,0.5148247978436659,360.0,1.0,1,0.0,1.0,0.0
0,1,1,0,0,0.22011015255641664,0.0,0.339622641509434,360.0,1.0,1,0.0,0.0,1.0
0,0,0,0,0,0.23638933567285667,0.2829621380846325,0.3827493261455526,480.0,1.0,0,1.0,0.0,0.0
1,1,1,0,0,0.0908514890091144,0.3257238307349666,0.28032345013477095,360.0,1.0,0,0.0,0.0,1.0
1,1,0,1,0,0.08042111419798216,0.3267260579064588,0.22641509433962267,360.0,0.0,0,0.0,0.0,1.0
1,1,0,1,0,0.13281668859969784,0.19487750556792874,0.2587601078167116,360.0,1.0,1,0.0,1.0,0.0
0,0,0,0,0,0.23638933567285667,0.0,0.3315363881401618,360.0,1.0,1,1.0,0.0,0.0
1,1,1,0,0,0.07189160208607497,0.20077951002227173,0.23450134770889489,360.0,1.0,1,0.0,0.0,1.0
1,0,0,0,0,0.1876492664619584,0.27839643652561247,0.3530997304582211,360.0,1.0,1,1.0,0.0,0.0
1,0,0,1,0,0.09016912804016182,0.0,0.36515506057285035,360.0,1.0,0,0.0,0.0,1.0
0,0,0,0,0,0.1760491299897646,0.18552338530066817,0.339622641509434,360.0,1.0,1,1.0,0.0,0.0
0,0,0,0,0,0.10966515572452112,0.20746102449888643,0.2560646900269542,360.0,0.0,0,0.0,0.0,1.0
1,1,2,1,0,0.3663791002583224,0.0,0.47439353099730464,360.0,1.0,1,1.0,0.0,0.0
0,0,0,0,0,0.13486377150655557,0.0,0.20215633423180593,360.0,1.0,1,0.0,1.0,0.0
1,0,0,1,0,0.13535117219866455,0.2678173719376392,0.2749326145552561,360.0,1.0,1,0.0,1.0,0.0
0,0,0,0,0,0.11488034313008724,0.0,0.1266846361185984,360.0,1.0,1,1.0,0.0,0.0
1,1,1,1,0,0.1583564848662085,0.18262806236080179,0.2749326145552561,180.0,1.0,1,0.0,0.0,1.0
1,1,2,0,0,0.17385582687527418,0.0,0.29919137466307283,360.0,1.0,1,0.0,1.0,0.0
1,1,0,0,0,0.09299605205439392,0.23763919821826282,0.2129380053908356,360.0,1.0,1,0.0,0.0,1.0
0,0,1,0,0,0.16527757469415608,0.0,0.27762803234501354,360.0,1.0,1,0.0,1.0,0.0
1,1,1,0,1,0.48008968172734806,0.0,0.39353099730458224,360.0,1.0,0,1.0,0.0,0.0
1,1,0,0,0,0.10966515572452112,0.2413140311804009,0.28571428571428575,360.0,1.0,1,0.0,1.0,0.0
1,1,3,0,0,0.20431837013208562,0.021046770601336303,0.30997304582210244,360.0,1.0,1,0.0,1.0,0.0
1,1,2,1,0,0.16820197884680999,0.17706013363028955,0.36515506057285035,360.0,1.0,1,1.0,0.0,0.0
0,0,0,0,0,0.14700004874006922,0.3324053452115813,0.3315363881401618,360.0,1.0,1,1.0,0.0,0.0
1,1,3,0,0,0.7237900277818395,0.0,0.784366576819407,360.0,1.0,1,1.0,0.0,0.0
1,1,1,0,1,0.41507042940000977,0.5548997772828508,0.9892183288409705,360.0,0.0,0,1.0,0.0,0.0
1,0,0,0,0,0.2323439099283521,0.0,0.3261455525606469,360.0,0.0,1,1.0,0.0,0.0
1,1,0,0,1,0.2762587122873715,0.24053452115812918,0.47169811320754723,360.0,1.0,1,0.0,1.0,0.0
0,1,0,0,0,0.20387970950918752,0.27293986636971046,0.2722371967654987,360.0,1.0,0,0.0,0.0,1.0
0,0,0,0,0,0.11453916264561095,0.0,0.15633423180592992,360.0,1.0,1,0.0,0.0,1.0
1,0,1,0,0,0.20636545303894333,0.19966592427616928,0.29110512129380056,360.0,1.0,1,0.0,0.0,1.0
1,0,0,0,0,0.13574109275235172,0.0,0.2398921832884097,360.0,1.0,1,0.0,1.0,0.0
1,0,0,0,0,0.1307696056928401,0.0,0.16711590296495957,360.0,1.0,1,0.0,0.0,1.0
1,1,0,0,1,0.26090559048593853,0.5,0.16442048517520216,360.0,1.0,1,0.0,1.0,0.0
1,1,2,0,1,0.11453916264561095,0.512249443207127,0.45013477088948795,360.0,1.0,1,1.0,0.0,0.0
0,0,3,1,0,0.08188331627430911,0.0,0.36515506057285035,360.0,0.0,0,0.0,0.0,1.0
0,0,0,0,0,0.1954476775357021,0.0,0.16711590296495957,360.0,1.0,1,0.0,1.0,0.0
1,1,3,1,0,0.121703952819613,0.1767260579064588,0.4420485175202157,360.0,1.0,0,1.0,0.0,0.0
0,0,0,0,0,0.10859287420188136,0.0,0.09973045822102428,360.0,1.0,0,1.0,0.0,0.0
1,1,1,1,0,0.21465126480479604,0.1368596881959911,0.4016172506738545,360.0,1.0,1,0.0,0.0,1.0
1,1,3,1,0,0.1473412292245455,0.0,0.1752021563342318,360.0,1.0,1,0.0,1.0,0.0
1,1,0,0,0,0.11449042257640006,0.2737193763919822,0.4070080862533693,360.0,1.0,1,0.0,1.0,0.0
1,1,0,1,0,0.1644002534483599,0.3596881959910913,0.38544474393531003,360.0,0.0,0,1.0,0.0,0.0
1,1,2,1,0,0.14295462299556466,0.24142538975501115,0.3153638814016173,360.0,1.0,1,0.0,0.0,1.0
1,1,0,0,0,0.3013598479309841,0.5103563474387528,0.6738544474393532,360.0,1.0,1,0.0,1.0,0.0
1,1,0,0,0,0.12063167129697323,0.6959910913140313,0.47978436657681944,360.0,1.0,1,1.0,0.0,0.0
1,1,0,0,0,0.4353950382609544,0.0,0.5902964959568734,360.0,1.0,1,0.0,1.0,0.0
1,0,0,0,0,0.41916459521372523,0.46403118040089086,0.8059299191374664,360.0,1.0,0,1.0,0.0,0.0
1,1,3,0,0,0.12263001413462006,0.2319599109131403,0.23180592991913748,360.0,1.0,1,1.0,0.0,0.0
0,1,0,0,1,0.2607593702783058,0.0,0.2587601078167116,360.0,0.0,0,1.0,0.0,0.0
0,1,0,0,0,0.11078617731637179,0.05623608017817372,0.3261455525606469,360.0,1.0,1,0.0,1.0,0.0
0,0,0,0,0,0.1785348735195204,0.0,0.28840970350404316,180.0,1.0,1,0.0,0.0,1.0
1,1,2,0,0,0.3988399863527807,0.3526726057906459,0.4204851752021564,360.0,1.0,1,1.0,0.0,0.0
1,1,1,0,0,0.1815567578105961,0.0,0.15633423180592992,360.0,1.0,0,0.0,0.0,1.0
1,1,0,1,0,0.1389091972510601,0.18552338530066817,0.24528301886792456,480.0,0.0,0,0.0,0.0,1.0
1,1,3,0,0,0.24452892723107666,0.3526726057906459,0.5148247978436659,360.0,1.0,1,0.0,1.0,0.0
0,0,1,0,0,0.22288833650143786,0.0,0.1940700808625337,360.0,1.0,0,0.0,1.0,0.0
1,1,2,0,0,0.23638933567285667,0.40835189309576836,0.6118598382749326,360.0,1.0,1,0.0,1.0,0.0
1,1,0,0,0,0.2242043183701321,0.2597995545657016,0.3261455525606469,360.0,1.0,1,0.0,0.0,1.0
1,1,0,0,0,0.1395428181508018,0.3377505567928731,0.23180592991913748,300.0,1.0,1,0.0,0.0,1.0
1,0,0,0,1,0.32519374177511334,0.0,0.3557951482479785,360.0,1.0,1,1.0,0.0,0.0
1,0,0,1,0,0.295657259833309,0.0,0.3342318059299192,360.0,1.0,0,1.0,0.0,0.0
1,0,0,0,0,0.11453916264561095,0.0,0.23450134770889489,480.0,1.0,0,0.0,1.0,0.0
1,0,0,0,0,0.24243310425500805,0.0,0.30997304582210244,360.0,0.0,0,1.0,0.0,0.0
1,1,1,0,0,0.3009699273772969,0.0,0.4474393530997305,360.0,1.0,1,0.0,1.0,0.0
0,0,0,0,1,0.7607837403129113,0.0,0.12398921832884097,360.0,1.0,1,0.0,1.0,0.0
1,1,2,0,0,0.24540624847687287,0.0,0.39353099730458224,360.0,1.0,1,0.0,1.0,0.0
1,1,2,0,1,0.44709265487156996,0.8767260579064589,1.0,300.0,1.0,1,1.0,0.0,0.0
1,0,1,0,0,0.1419310815421358,0.2212694877505568,0.2749326145552561,180.0,0.0,0,0.0,0.0,1.0
1,1,0,0,0,0.2274699030072623,0.10278396436525612,0.29919137466307283,180.0,1.0,1,0.0,0.0,1.0
1,1,3,0,0,0.41916459521372523,0.556347438752784,0.3261455525606469,360.0,1.0,1,1.0,0.0,0.0
1,1,0,0,0,0.20275868791733687,0.0,0.3261455525606469,360.0,1.0,1,0.0,1.0,0.0
1,0,0,0,0,0.14227226202661208,0.0,0.16711590296495957,480.0,1.0,0,0.0,0.0,1.0
1,1,2,0,0,0.2554467027343179,0.0,0.3261455525606469,360.0,1.0,1,0.0,0.0,1.0
1,0,0,0,0,0.28225374080031196,0.4712694877505568,0.7735849056603774,360.0,1.0,1,0.0,1.0,0.0
0,0,0,0,0,0.28512940488375493,0.0,0.39622641509433965,360.0,1.0,1,0.0,0.0,1.0
1,0,0,0,1,0.34200906565287326,0.0,0.3207547169811321,360.0,1.0,1,0.0,0.0,1.0
1,1,2,0,0,0.2152361456353268,0.0,0.24528301886792456,360.0,1.0,0,0.0,0.0,1.0
1,0,0,1,0,0.10703319198713263,0.17817371937639198,0.3315363881401618,360.0,1.0,1,0.0,1.0,0.0
1,1,0,1,0,0.1393965979431691,0.3492204899777283,0.36515506057285035,360.0,0.0,0,0.0,0.0,1.0
1,1,0,0,0,0.10639957108739094,0.26915367483296215,0.3423180592991914,360.0,1.0,1,0.0,0.0,1.0
1,1,0,0,0,0.26017448944777505,0.0,0.3126684636118599,360.0,1.0,1,1.0,0.0,0.0
1,0,3,0,0,0.4394892040746698,0.0,0.47439353099730464,360.0,1.0,1,1.0,0.0,0.0
1,1,3,0,0,0.4559146073987425,0.0,0.7169811320754718,360.0,1.0,1,1.0,0.0,0.0
1,1,0,0,0,0.11858458839011553,0.23552338530066816,0.29919137466307283,360.0,1.0,1,0.0,0.0,1.0
1,1,2,1,0,0.08982794755568553,0.1809576837416481,0.28032345013477095,180.0,1.0,1,0.0,1.0,0.0
1,1,2,0,0,0.14378320417214993,0.155902004454343,0.28032345013477095,360.0,1.0,1,0.0,0.0,1.0
1,1,2,0,0,0.15236145635326803,0.05389755011135858,0.339622641509434,360.0,1.0,1,0.0,1.0,0.0
0,0,0,0,0,0.1476824097090218,0.0,0.16711590296495957,360.0,0.0,0,0.0,0.0,1.0
1,1,0,0,0,0.14051761953501976,0.16247216035634746,0.23180592991913748,360.0,1.0,1,0.0,0.0,1.0
1,0,0,1,0,0.18287273967929035,0.18552338530066817,0.2695417789757413,360.0,1.0,1,1.0,0.0,0.0
0,0,0,0,0,0.06579909343471267,0.20044543429844097,0.2533692722371968,360.0,0.0,0,0.0,1.0,0.0
1,1,2,1,0,0.1334990495686504,0.0,0.09703504043126684,180.0,0.0,0,0.0,0.0,1.0
1,0,0,1,0,0.12696788029439005,0.0,0.1509433962264151,300.0,1.0,0,1.0,0.0,0.0
0,0,0,1,0,0.08836574547935858,0.0,0.11859838274932616,360.0,1.0,1,0.0,1.0,0.0
0,0,0,0,1,0.3553638446166594,0.0,0.4986522911051213,360.0,1.0,0,1.0,0.0,0.0
0,0,0,0,0,0.21431008432031975,0.0,0.28571428571428575,360.0,1.0,1,0.0,1.0,0.0
1,1,0,1,0,0.09830871959838183,0.267260579064588,0.28571428571428575,360.0,1.0,1,0.0,0.0,1.0
0,0,0,1,0,0.10055076278208315,0.0,0.15363881401617252,360.0,1.0,1,1.0,0.0,0.0
1,1,1,0,0,0.397231564068821,0.0,0.38544474393531003,300.0,0.0,0,0.0,1.0,0.0
0,0,1,1,1,0.18116683725690894,0.0,0.14285714285714285,360.0,1.0,0,0.0,1.0,0.0
1,1,0,1,0,0.28980845152800117,0.0,0.5633423180592992,360.0,0.0,0,1.0,0.0,0.0
1,1,0,1,0,0.10250036555051908,0.22639198218262807,0.2722371967654987,360.0,1.0,1,1.0,0.0,0.0
0,1,0,1,0,0.09743139835258566,0.36046770601336303,0.45552560646900275,360.0,0.0,0,0.0,1.0,0.0
0,0,0,0,0,0.13866549690500563,0.0,0.13746630727762804,360.0,1.0,1,0.0,0.0,1.0
0,0,1,0,0,0.1194131695667008,0.0,0.4070080862533693,360.0,1.0,0,0.0,0.0,1.0
1,1,0,0,0,0.042647560559535995,0.30879732739420934,0.27762803234501354,360.0,1.0,1,1.0,0.0,0.0
1,1,0,0,0,0.1508992542769411,0.15779510022271714,0.34770889487870626,360.0,1.0,1,0.0,1.0,0.0
1,1,0,0,0,0.27679485304869134,0.0,0.34770889487870626,360.0,1.0,1,1.0,0.0,0.0
0,0,0,1,0,0.1252619778720086,0.0,0.19137466307277629,360.0,0.0,0,0.0,0.0,1.0
1,1,0,0,0,0.08139591558220012,0.19142538975501114,0.24528301886792456,360.0,1.0,1,0.0,0.0,1.0
1,1,1,0,0,0.3460544913973778,0.1856347438752784,0.2722371967654987,360.0,0.0,0,0.0,0.0,1.0
1,1,0,0,0,0.7179412194765317,0.0,0.23450134770889489,360.0,1.0,1,0.0,1.0,0.0
1,1,0,0,0,0.12263001413462006,0.47884187082405344,0.30188679245283023,360.0,1.0,1,1.0,0.0,0.0
0,0,1,1,0,0.21718574840376276,0.0,0.1940700808625337,360.0,1.0,0,1.0,0.0,0.0
1,1,2,0,0,0.2819613003850466,0.0,0.3342318059299192,360.0,1.0,1,0.0,1.0,0.0
1,1,0,0,0,0.13500999171418826,0.001795100316258352,0.21024258760107817,360.0,1.0,1,1.0,0.0,0.0
1,0,0,1,0,0.1251157576643759,0.0,0.13746630727762804,180.0,1.0,1,0.0,0.0,1.0
0,0,1,0,1,0.41302334649315203,0.0,0.38005390835579517,360.0,1.0,1,0.0,1.0,0.0
1,0,0,0,0,0.3094994394892041,0.0,0.2587601078167116,360.0,0.0,0,1.0,0.0,0.0
1,1,0,0,0,0.11088365745479359,0.2605790645879733,0.3611859838274933,360.0,1.0,1,0.0,1.0,0.0
1,0,0,0,0,0.17546424915923384,0.0,0.24528301886792456,360.0,1.0,1,0.0,0.0,1.0
1,0,0,0,0,0.08656236291855535,0.2061247216035635,0.11051212938005392,360.0,1.0,1,0.0,1.0,0.0
1,1,0,0,0,0.10055076278208315,0.1252783964365256,0.36515506057285035,360.0,1.0,1,0.0,0.0,1.0
1,0,0,0,1,0.5003655505190817,0.0,0.47978436657681944,360.0,0.0,0,0.0,0.0,1.0
0,1,0,1,1,0.3407905639226008,0.0,0.34770889487870626,360.0,1.0,1,1.0,0.0,0.0
1,0,0,0,0,0.171077642930253,0.5639198218262806,0.47978436657681944,360.0,1.0,1,0.0,1.0,0.0
1,1,0,0,0,0.3777842764536726,0.20412026726057908,0.46091644204851756,360.0,1.0,1,1.0,0.0,0.0
1,0,3,1,0,0.22210849539406347,0.22193763919821827,0.37466307277628036,360.0,1.0,1,0.0,1.0,0.0
1,1,0,0,0,0.3500999171418824,0.9279510022271715,0.4474393530997305,300.0,1.0,1,1.0,0.0,0.0
1,1,1,0,1,0.1616220695033387,0.13474387527839643,0.3261455525606469,360.0,1.0,1,1.0,0.0,0.0
1,1,2,1,0,0.21942779158746406,0.0,0.2722371967654987,360.0,1.0,1,1.0,0.0,0.0
1,1,2,0,0,0.15548082078276554,0.19042316258351893,0.38005390835579517,360.0,0.0,0,1.0,0.0,0.0
1,0,1,1,1,0.12765024126334262,0.17171492204899777,0.4878706199460917,360.0,1.0,0,0.0,1.0,0.0
1,1,2,1,0,0.10522980942632938,0.13975501113585748,0.3126684636118599,360.0,0.0,0,1.0,0.0,0.0
1,1,2,1,0,0.08812204513330409,0.16213808463251672,0.13746630727762804,300.0,1.0,1,0.0,0.0,1.0
1,1,0,0,0,0.18511478286299168,0.19298440979955458,0.37735849056603776,360.0,0.0,0,1.0,0.0,0.0
1,1,0,0,0,0.11371058146902568,0.27461024498886416,0.2183288409703504,180.0,0.0,1,1.0,0.0,0.0
1,0,0,0,1,0.3380123799775796,0.0,0.20215633423180593,360.0,1.0,1,0.0,1.0,0.0
1,1,2,0,0,0.18077691670322174,0.0,0.23450134770889489,360.0,1.0,1,0.0,1.0,0.0
1,1,0,0,0,0.20232002729443876,0.0,0.29380053908355797,360.0,1.0,1,0.0,0.0,1.0
1,1,0,0,0,0.1734171662523761,0.2860801781737194,0.4420485175202157,360.0,1.0,0,0.0,0.0,1.0
1,0,2,0,0,0.20490325096261638,0.0,0.3423180592991914,360.0,1.0,1,1.0,0.0,0.0
1,1,0,0,0,0.3988887264219915,0.0,0.4070080862533693,360.0,1.0,0,0.0,1.0,0.0
1,1,3,0,0,0.369937125310718,0.0,0.3207547169811321,180.0,1.0,1,0.0,0.0,1.0
1,1,0,0,0,0.13964029828922359,0.24365256124721604,0.38814016172506743,360.0,1.0,1,1.0,0.0,0.0
1,0,0,0,0,0.19574011795096752,0.0,0.2398921832884097,360.0,0.0,0,0.0,1.0,0.0
1,0,0,0,0,0.28512940488375493,0.0,0.3530997304582211,360.0,1.0,1,1.0,0.0,0.0
1,1,3,1,0,0.1363259735828825,0.18530066815144766,0.16442048517520216,180.0,0.0,0,0.0,0.0,1.0
1,1,0,0,0,0.20387970950918752,0.27293986636971046,0.2722371967654987,360.0,1.0,0,0.0,0.0,1.0
1,1,1,0,1,0.16084222839596435,0.23151447661469934,0.4123989218328841,360.0,1.0,1,0.0,1.0,0.0
1,1,1,1,0,0.12199639323487839,0.16703786191536749,0.28032345013477095,180.0,0.0,0,1.0,0.0,0.0
1,1,3,0,0,0.2213286542866891,0.0,0.24528301886792456,360.0,1.0,1,0.0,1.0,0.0
0,0,0,0,1,0.11453916264561095,0.0,0.22641509433962267,360.0,1.0,1,0.0,0.0,1.0
1,0,2,0,0,0.26231905249305454,0.5175946547884187,0.4123989218328841,360.0,1.0,1,1.0,0.0,0.0
1,1,2,0,1,0.7981186333284593,0.11291759465478843,0.38005390835579517,360.0,1.0,1,1.0,0.0,0.0
1,1,2,0,0,0.31924745333138377,0.19487750556792874,0.5956873315363882,300.0,1.0,1,0.0,1.0,0.0
1,1,1,0,1,0.8050397231564069,0.2505567928730512,0.20754716981132076,360.0,1.0,1,0.0,1.0,0.0
1,1,2,0,0,0.1363259735828825,0.17850779510022272,0.36515506057285035,360.0,1.0,0,0.0,0.0,1.0
0,0,0,1,0,0.2047082906857728,0.0,0.39083557951482484,360.0,1.0,1,1.0,0.0,0.0
1,1,3,1,0,0.14353950382609545,0.0,0.28032345013477095,360.0,1.0,1,1.0,0.0,0.0
1,1,0,0,0,0.09421455378466638,0.3507795100222717,0.3207547169811321,360.0,1.0,1,0.0,1.0,0.0
1,1,0,0,0,0.5206901593800264,0.0,0.6064690026954178,360.0,1.0,1,0.0,1.0,0.0
1,1,2,0,0,0.3988399863527807,0.0,0.6388140161725068,360.0,1.0,1,0.0,1.0,0.0
1,1,1,1,0,0.08812204513330409,0.2712694877505568,0.3288409703504043,360.0,1.0,1,1.0,0.0,0.0
1,0,2,0,0,0.16557001510942146,0.0,0.19137466307277629,360.0,0.0,0,1.0,0.0,0.0
1,1,2,0,1,0.2160647268119121,0.2319599109131403,0.4070080862533693,360.0,1.0,1,0.0,1.0,0.0
1,0,0,0,0,0.11137105814690257,0.0,0.1778975741239892,360.0,1.0,0,0.0,0.0,1.0
1,0,0,1,0,0.12423843641857972,0.3101336302895323,0.23450134770889489,360.0,1.0,1,0.0,1.0,0.0
1,1,1,1,0,0.2526197787200858,0.12594654788418708,0.4770889487870621,360.0,1.0,1,0.0,0.0,1.0
1,0,0,1,0,0.17258858507579083,0.0,0.2722371967654987,360.0,1.0,1,1.0,0.0,0.0
0,0,0,1,1,0.8340888044061023,0.0,0.5822102425876011,360.0,1.0,1,0.0,1.0,0.0
1,1,0,0,0,0.1680070185699664,0.24020044543429844,0.2964959568733154,360.0,0.0,0,1.0,0.0,0.0
1,1,0,1,0,0.1194131695667008,0.18930957683741648,0.26415094339622647,360.0,1.0,1,1.0,0.0,0.0
1,1,1,0,1,0.1337914899839158,0.0,0.23180592991913748,360.0,1.0,1,0.0,1.0,0.0
1,0,0,0,0,0.29892284447043915,0.49175946547884186,0.5390835579514826,360.0,0.0,0,1.0,0.0,0.0
0,0,0,0,0,0.024126334259394647,0.4101336302895323,0.28032345013477095,480.0,1.0,1,1.0,0.0,0.0
0,0,0,0,0,0.14665886825559293,0.0,0.24528301886792456,360.0,1.0,1,0.0,1.0,0.0
1,1,2,0,0,0.22980942632938542,0.6262806236080178,0.5363881401617251,360.0,1.0,1,0.0,1.0,0.0
1,1,1,1,0,0.1900862699225033,0.5904231625835189,0.34770889487870626,360.0,1.0,0,1.0,0.0,0.0
1,1,0,1,0,0.17858361358873132,0.16514476614699333,0.30997304582210244,300.0,1.0,1,0.0,1.0,0.0
1,1,2,0,0,0.16376663254861823,0.49175946547884186,0.6307277628032345,360.0,1.0,1,1.0,0.0,0.0
1,1,0,0,1,0.1135156211921821,0.33552338530066816,0.4824797843665769,360.0,1.0,1,0.0,0.0,1.0
0,0,1,0,0,0.6390797874932983,0.0,0.0835579514824798,360.0,1.0,1,0.0,0.0,1.0
1,0,0,1,0,0.1680557586391773,0.1433184855233853,0.24528301886792456,360.0,1.0,0,1.0,0.0,0.0
1,1,1,0,0,0.28829750938246335,0.22316258351893095,0.6495956873315365,360.0,1.0,1,0.0,1.0,0.0
1,1,2,0,0,0.15270263683774432,0.22661469933184855,0.37466307277628036,360.0,1.0,1,0.0,0.0,1.0
1,1,0,0,0,0.09650533703757859,0.7423162583518931,0.16442048517520216,180.0,1.0,0,0.0,1.0,0.0
1,0,0,0,0,0.27611249207973876,0.40824053452115816,0.8140161725067386,360.0,1.0,0,1.0,0.0,0.0
1,1,3,0,0,0.1616220695033387,0.38173719376391985,0.38005390835579517,360.0,1.0,1,1.0,0.0,0.0
0,1,2,0,0,0.09168007018569967,0.18173719376391984,0.28032345013477095,480.0,1.0,1,0.0,1.0,0.0
1,1,0,1,0,0.1425159623726666,0.20044543429844097,0.30727762803234504,360.0,0.0,0,0.0,1.0,0.0
1,0,0,0,0,0.2209387337330019,0.21325167037861917,0.47439353099730464,360.0,1.0,0,0.0,1.0,0.0
0,0,0,1,0,0.15840522493541942,0.0,0.23180592991913748,360.0,1.0,0,1.0,0.0,0.0
1,1,2,1,0,0.09952722132865428,0.1939866369710468,0.09703504043126684,360.0,1.0,1,0.0,1.0,0.0
1,0,0,0,0,0.11453916264561095,0.0,0.12398921832884097,360.0,1.0,1,0.0,1.0,0.0
1,1,3,0,1,0.2693863625286348,0.15857461024498887,0.24528301886792456,360.0,1.0,1,1.0,0.0,0.0
1,0,0,0,0,0.22079251352536922,0.2324053452115813,0.36515506057285035,360.0,1.0,0,0.0,1.0,0.0
1,1,0,0,0,0.17668275088950627,0.0,0.2722371967654987,360.0,1.0,1,0.0,1.0,0.0
1,1,1,1,0,0.25028025539796267,0.15924276169265034,0.4097035040431267,360.0,0.0,1,0.0,1.0,0.0
1,0,1,1,0,0.12326363503436176,0.14498886414253898,0.22911051212938008,360.0,1.0,1,0.0,1.0,0.0
1,0,0,1,0,0.32329287907588833,0.0,0.3261455525606469,360.0,1.0,1,0.0,1.0,0.0
1,1,0,0,0,0.042647560559535995,0.6124721603563474,0.5579514824797844,360.0,1.0,1,1.0,0.0,0.0
1,1,3,0,0,0.2013452259102208,0.0,0.24528301886792456,360.0,1.0,1,0.0,0.0,1.0
1,0,2,0,0,0.1675683579470683,0.0,0.2722371967654987,360.0,0.0,0,1.0,0.0,0.0
1,0,1,0,0,0.541014768240971,0.0,0.5040431266846361,360.0,1.0,0,0.0,1.0,0.0
0,0,0,1,1,0.8780523468343325,0.0,0.3126684636118599,360.0,1.0,1,0.0,0.0,1.0
1,1,0,0,0,0.2916118340888044,0.4349665924276169,0.8490566037735849,360.0,1.0,1,0.0,0.0,1.0
1,0,2,0,0,0.16898181995418435,0.0,0.26415094339622647,360.0,1.0,1,0.0,1.0,0.0
1,1,0,1,0,0.13486377150655557,0.05968819599109131,0.15363881401617252,360.0,1.0,0,1.0,0.0,0.0
1,1,3,0,0,0.30545401374469955,0.0,0.3989218328840971,180.0,1.0,1,1.0,0.0,0.0
0,1,1,0,0,0.21728322854218454,0.316815144766147,0.3530997304582211,180.0,1.0,1,0.0,1.0,0.0
0,0,0,0,0,0.09689525759126578,0.0,0.2425876010781671,360.0,0.0,0,0.0,1.0,0.0
1,1,1,1,0,0.1018180045815665,0.28106904231625834,0.3207547169811321,360.0,1.0,1,0.0,0.0,1.0
0,1,0,1,0,0.13973777842764537,0.07383073496659243,0.2506738544474394,360.0,1.0,1,0.0,1.0,0.0
1,1,0,0,0,0.12760150119413172,0.21714922048997773,0.39353099730458224,360.0,1.0,1,1.0,0.0,0.0
1,0,0,0,0,0.11580640444509431,0.19855233853006682,0.36657681940700815,360.0,1.0,1,1.0,0.0,0.0
0,0,0,0,0,0.23638933567285667,0.0,0.2533692722371968,360.0,0.0,0,0.0,1.0,0.0
1,1,0,0,0,0.12843008237071699,0.22449888641425392,0.2722371967654987,360.0,1.0,1,1.0,0.0,0.0
1,1,2,0,1,0.31598186869425354,0.0,0.36515506057285035,360.0,0.0,0,1.0,0.0,0.0
1,1,1,1,0,0.11414924209192377,0.26447661469933187,0.36515506057285035,360.0,1.0,1,1.0,0.0,0.0
1,1,1,0,0,0.15513964029828925,0.3619153674832962,0.4016172506738545,360.0,1.0,1,0.0,0.0,1.0
1,1,0,1,0,0.11229711946190964,0.2597995545657016,0.46361185983827496,360.0,0.0,0,0.0,0.0,1.0
1,1,0,0,0,0.1678120582931228,0.47505567928730513,0.3315363881401618,180.0,0.0,0,1.0,0.0,0.0
1,1,1,0,0,0.2591996880635571,0.11492204899777284,0.04582210242587601,360.0,1.0,1,0.0,1.0,0.0
0,0,0,0,0,0.12267875420383097,0.1809576837416481,0.20215633423180593,360.0,1.0,1,0.0,0.0,1.0
1,1,3,0,1,0.48686455134766293,0.0,0.6765498652291105,360.0,1.0,1,0.0,1.0,0.0
1,1,0,0,0,0.1821416386411269,0.29721603563474386,0.4123989218328841,360.0,1.0,1,0.0,1.0,0.0
0,1,0,0,0,0.1964224789199201,0.25679287305122495,0.46630727762803237,360.0,1.0,1,0.0,1.0,0.0
1,1,2,1,0,0.17180874396841644,0.02694877505567929,0.26684636118598387,360.0,1.0,1,0.0,1.0,0.0
1,1,0,0,0,0.2813764195545158,0.2287305122494432,0.5444743935309974,360.0,1.0,1,1.0,0.0,0.0
1,0,0,1,1,0.2753813910415753,0.0,0.3315363881401618,360.0,1.0,1,0.0,1.0,0.0
1,1,2,0,0,0.42155285860505926,0.0,0.6711590296495957,360.0,0.0,0,0.0,0.0,1.0
1,1,0,1,0,0.21041087878344789,0.0,0.29919137466307283,360.0,1.0,1,1.0,0.0,0.0
1,0,0,0,0,0.15513964029828925,0.0,0.16442048517520216,360.0,1.0,1,0.0,0.0,1.0
1,1,3,0,0,0.15840522493541942,0.27839643652561247,0.30727762803234504,360.0,0.0,0,1.0,0.0,0.0
0,0,0,0,0,0.10859287420188136,0.0,0.0,360.0,1.0,0,0.0,0.0,1.0
1,1,0,0,0,0.14700004874006922,0.22984409799554567,0.2560646900269542,360.0,0.0,0,0.0,0.0,1.0
1,1,1,0,0,0.1592338061120047,0.19487750556792874,0.4770889487870621,360.0,1.0,1,0.0,0.0,1.0
1,1,0,0,0,0.24204318370132089,0.16158129175946548,0.4204851752021564,360.0,0.0,0,0.0,0.0,1.0
1,1,2,0,0,0.8049909830871961,0.0,0.7169811320754718,360.0,1.0,1,0.0,0.0,1.0
1,1,2,1,0,0.2912219135351172,0.1809576837416481,0.47978436657681944,480.0,1.0,0,0.0,1.0,0.0
1,1,3,0,0,0.30491787298337963,0.0,0.38005390835579517,360.0,1.0,0,0.0,1.0,0.0
1,0,0,0,0,0.15007067310035582,0.30501113585746104,0.2722371967654987,360.0,1.0,1,0.0,0.0,1.0
1,1,1,0,0,0.079543792952186,0.24855233853006684,0.26415094339622647,360.0,1.0,1,1.0,0.0,0.0
1,1,2,0,0,0.31144904225764003,0.0,0.5283018867924529,360.0,1.0,1,0.0,1.0,0.0
0,1,0,0,0,0.14700004874006922,0.0,0.07277628032345013,360.0,1.0,1,0.0,1.0,0.0
1,1,1,0,0,0.08432031973485403,0.0,0.14016172506738545,360.0,1.0,0,1.0,0.0,0.0
1,1,1,0,0,0.12852756250913877,0.21347438752783965,0.36927223719676555,360.0,0.0,0,1.0,0.0,0.0
1,1,0,0,0,0.1046449285957986,0.16948775055679288,0.2560646900269542,360.0,1.0,1,0.0,0.0,1.0
0,0,0,1,0,0.09821123945996003,0.0,0.16442048517520216,360.0,1.0,1,0.0,1.0,0.0
1,1,2,0,1,0.12555441828727398,0.0,0.26145552560646906,360.0,0.0,0,0.0,1.0,0.0
1,1,0,0,0,0.1389091972510601,0.3804008908685969,0.1266846361185984,180.0,1.0,1,0.0,1.0,0.0
1,1,2,0,1,0.28512940488375493,0.0,0.5283018867924529,240.0,1.0,0,0.0,1.0,0.0
1,1,0,0,0,0.18077691670322174,0.3674832962138085,0.3584905660377359,180.0,1.0,1,1.0,0.0,0.0
1,1,0,0,1,0.7783789052980455,0.0,0.6765498652291105,360.0,1.0,1,0.0,0.0,1.0
1,0,0,1,0,0.17950967490373837,0.0,0.2722371967654987,360.0,1.0,1,1.0,0.0,0.0
1,1,2,1,1,0.303796851391529,0.111358574610245,0.47978436657681944,360.0,1.0,0,1.0,0.0,0.0
1,0,0,0,0,0.13827557635131843,0.0,0.2129380053908356,360.0,0.0,0,0.0,1.0,0.0
1,1,0,0,1,0.47828629916654486,0.0,0.46091644204851756,360.0,1.0,1,1.0,0.0,0.0
1,1,2,0,0,0.2744065896573573,0.0,0.4932614555256065,360.0,1.0,1,0.0,0.0,1.0
1,1,3,0,0,0.2706536043281182,0.0,0.3207547169811321,360.0,1.0,1,0.0,0.0,1.0
1,0,0,0,0,0.17185748403762735,0.4789532293986637,0.4393530997304583,360.0,1.0,1,1.0,0.0,0.0
1,1,0,1,0,0.10966515572452112,0.423162583518931,0.36515506057285035,180.0,1.0,0,0.0,0.0,1.0
1,1,1,0,0,0.15840522493541942,0.27839643652561247,0.4420485175202157,360.0,1.0,1,0.0,1.0,0.0
1,1,2,1,0,0.18701564556221673,0.15712694877505567,0.3989218328840971,360.0,1.0,1,1.0,0.0,0.0
1,1,0,0,0,0.1502168933079885,0.21714922048997773,0.26684636118598387,360.0,1.0,1,1.0,0.0,0.0
0,0,0,0,0,0.13403519032997027,0.0,0.16711590296495957,360.0,1.0,1,1.0,0.0,0.0
1,1,3,0,0,0.1928157137983136,0.0,0.0835579514824798,180.0,1.0,1,1.0,0.0,0.0
1,1,1,0,0,0.38611882828873617,0.026726057906458798,0.6576819407008087,360.0,1.0,1,0.0,0.0,1.0
1,1,2,0,0,0.3622849344446069,0.0,0.47978436657681944,360.0,1.0,1,0.0,0.0,1.0
0,0,0,0,1,0.2160647268119121,0.0,0.3342318059299192,360.0,0.0,0,0.0,1.0,0.0
